vendor,family,model,series,mtbf_years,switching_capacity_gbps,packets_per_s_mpps,mac_add_storage,network_latency_us,vlans_support,lag_size,dram,flash_mem,storage_gb,acl,stp_instance,dimentions_h_d_w_mm,weight_kg,pwr_supply,pwr_required,pwr_consumed_avg_w,pwr_consumed_max_w,heat_diss_btuh,operating_temp,strg_temp,humidity,air_flw,noise_lvl_dba,certifications,poe_budget,mgmt_port,console_port,poe_ports,ge_ports,mugig_ports,sfp_ports,sfp+_ports,spf28_ports,qsfp+_ports,qsfp28_ports,interface_raw,release_year,support_years,datasheet_url,datasheet_date
Fortinet,FortiSwitch,108F,F,10,20,30,8000,4,4000,8,256 MB DDR3,32 MB,,640,32,30 x 120 x 180,0.62,"12V/1A DC power adapter included, PoE-PD built in","100-240V AC, 50/60 Hz / PoE-PSE(af)",,6.2,21.142,0-45°C,-40-70°C,5-95% non-condensing,side-to-side,0,"FCC, CE, RCM, VCCI, BSMI, UL, CB, RoHS2",0,0,1,0,8,0,2,0,0,0,0,"7x GE RJ45, 1x GE/POE-PD RJ45 and 2x GE SFP",,,https://www.fortinet.com/content/dam/fortinet/assets/data-sheets/pdf/fortiswitch-secure-access-series.pdf,2026-02-06
Fortinet,FortiSwitch,108F-POE,F,10,20,30,8000,4,4000,8,256 MB DDR3,32 MB,,640,32,44 x 209 x 250,1.70,AC built in,"100-240V AC, 50/60 Hz",,74.4,34.12,0-45°C,-40-70°C,5-95% non-condensing,side-to-side,0,"FCC, CE, RCM, VCCI, BSMI, UL, CB, RoHS2",65,0,1,8,8,0,2,0,0,0,0,8x GE RJ45 and 2x GE SFP,,,https://www.fortinet.com/content/dam/fortinet/assets/data-sheets/pdf/fortiswitch-secure-access-series.pdf,2026-02-06
Fortinet,FortiSwitch,108F-FPOE,F,10,20,30,8000,4,4000,8,256 MB DDR3,32 MB,,640,32,44 x 209 x 250,1.84,AC built in,"100-240V AC, 50/60 Hz",,139.2,34.56,0-45°C,-40-70°C,5-95% non-condensing,side-to-side,0,"FCC, CE, RCM, VCCI, BSMI, UL, CB, RoHS2",130,0,1,8,8,0,2,0,0,0,0,8x GE RJ45 and 2x GE SFP,,,https://www.fortinet.com/content/dam/fortinet/assets/data-sheets/pdf/fortiswitch-secure-access-series.pdf,2026-02-06
Fortinet,FortiSwitch,110G-FPOE,G,10,140,208,32000,1,4000,10,1GB DDR4,8MB NOR,,640,32,44 x 270 x 228,1.84,100V-240VAC/54V DC power adapter included,"100-240V AC, 50-60 Hz",,250,102.36,0-45°C,-40-70°C,5-95% RH non-condensing,side to back/top,0,"FCC, CE, RCM, VCCI, BSMI, UL, CB, RoHS2",200,,1,10,0,10,0,4,0,0,0,"2x 5G/2.5G/1G/100M and 8x 2.5G/1G/100M/10M RJ45, 4x 10G/1G/100 SFP+/SFP",,,https://www.fortinet.com/content/dam/fortinet/assets/data-sheets/pdf/fortiswitch-secure-access-series.pdf,2026-02-06
Fortinet,FortiSwitch,124G,G,10,240,355,32000,1,4000,8,1GB DDR4,256MB NAND,,640,32,44 x 310 x 440,3.97,AC built in,"100-240V AC, 50-60 Hz",,43.5,148.4,-5-45°C,-40-70°C,5-95% RH non-condensing,side-to-side,0,"FCC, ICES, CE, UKCA, RCM, VCCI, BSMI, UL, CB, RoHS2",0,,1,0,0,24,0,6,0,0,0,24x 2.5G/1G/100M/10M and 6x 10G/1G SFP+/SFP,,,https://www.fortinet.com/content/dam/fortinet/assets/data-sheets/pdf/fortiswitch-secure-access-series.pdf,2026-02-06
Fortinet,FortiSwitch,124G-FPOE,G,10,240,355,32000,1,4000,8,1GB DDR4,256MB NAND,,640,32,44 x 310 x 440,4.86,AC built in,"100-240V AC, 50-60 Hz",,880,194.8,-5-45°C,-40-70°C,5-95% RH non-condensing,side-to-side,48.2,"FCC, ICES, CE, UKCA, RCM, VCCI, BSMI, UL, CB, RoHS2",780,,1,24,0,24,0,6,0,0,0,24x 2.5G/1G/100M/10M and 6x 10G/1G SFP+/SFP,,,https://www.fortinet.com/content/dam/fortinet/assets/data-sheets/pdf/fortiswitch-secure-access-series.pdf,2026-02-06
Fortinet,FortiSwitch,124F,F,10,128,190,32000,1,4000,8,512 MB DDR3,64 MB,,640,32,44 x 230 x 330,2.03,AC built in,"100-240V AC, 50-60 Hz",24.8,26.3,89.683,0-45°C,-20-70°C,10-90% non-condensing,side-to-side,0,"FCC, CE, RCM, VCCI, BSMI, UL, CB, RoHS2",0,0,1,0,24,0,0,4,0,0,0,24x GE RJ45 and 4x 10GE SFP+,,,https://www.fortinet.com/content/dam/fortinet/assets/data-sheets/pdf/fortiswitch-secure-access-series.pdf,2026-02-06
Fortinet,FortiSwitch,124F-POE,F,10,128,190,32000,1,4000,8,512 MB DDR3,64 MB,,640,32,44 x 260 x 440,3.56,AC built in,"100-240V AC, 50-60 Hz",235.9,237.4,102.982,0-45°C,-20-70°C,10-90% non-condensing,side-to-back,46.3,"FCC, CE, RCM, VCCI, BSMI, UL, CB, RoHS2",185,0,1,12,24,0,0,4,0,0,0,24x GE RJ45 and 4x 10GE SFP+,,,https://www.fortinet.com/content/dam/fortinet/assets/data-sheets/pdf/fortiswitch-secure-access-series.pdf,2026-02-06
Fortinet,FortiSwitch,124F-FPOE,F,10,128,190,32000,1,4000,8,512 MB DDR3,64 MB,,640,32,44 x 260 x 440,3.82,AC built in,"100-240V AC, 50-60 Hz",449.8,451.3,118.327,0-45°C,-20-70°C,10-90% non-condensing,side-to-back,45.8,"FCC, CE, RCM, VCCI, BSMI, UL, CB, RoHS2",370,0,1,24,24,0,0,4,0,0,0,24x GE RJ45 and 4x 10GE SFP+,,,https://www.fortinet.com/content/dam/fortinet/assets/data-sheets/pdf/fortiswitch-secure-access-series.pdf,2026-02-06
Fortinet,FortiSwitch,148F,F,10,176,260,32000,1,4000,8,512 MB DDR3,64 MB,,640,32,44 x 260 x 440,3.46,AC built in,"100-240V AC, 50-60 Hz",55.8,57,194.37,0-45°C,-20-70°C,10-90% non-condensing,side-to-side,42.8,"FCC, CE, RCM, VCCI, BSMI, UL, CB, RoHS2",0,0,1,0,48,0,0,4,0,0,0,48x GE RJ45 and 4x 10GE SFP+,,,https://www.fortinet.com/content/dam/fortinet/assets/data-sheets/pdf/fortiswitch-secure-access-series.pdf,2026-02-06
Fortinet,FortiSwitch,148F-POE,F,10,176,260,32000,1,4000,8,512 MB DDR3,64 MB,,640,32,44 x 310 x 440,4.68,AC built in,"100-240V AC, 50-60 Hz",474.8,476.3,195.73,0-45°C,-20-70°C,10-90% non-condensing,side-to-side,46.9,"FCC, CE, RCM, VCCI, BSMI, UL, CB, RoHS2",370,0,1,24,48,0,0,4,0,0,0,48x GE RJ45 and 4x 10GE SFP+,,,https://www.fortinet.com/content/dam/fortinet/assets/data-sheets/pdf/fortiswitch-secure-access-series.pdf,2026-02-06
Fortinet,FortiSwitch,148F-FPOE,F,10,176,260,32000,1,4000,8,512 MB DDR3,64 MB,,640,32,44 x 310 x 440,4.68,AC built in,"100-240V AC, 50-60 Hz",893.5,895.7,198.46,0-45°C,-20-70°C,10-90% non-condensing,side-to-side,46.5,"FCC, CE, RCM, VCCI, BSMI, UL, CB, RoHS2",740,0,1,48,48,0,0,4,0,0,0,48x GE RJ45 and 4x 10GE SFP+,,,https://www.fortinet.com/content/dam/fortinet/assets/data-sheets/pdf/fortiswitch-secure-access-series.pdf,2026-02-06
Fortinet,FortiSwitch,224D-FPOE,D,10,56,83,16000,1,4000,8,512 MB DDR3,128 MB,,512,32,44 x 310 x 440,4.83,AC built in,"100-240V AC, 50/60 Hz",380,397,85,0-50°C,-20-70°C,10-90% non-condensing,side-to-back,42.7,"FCC, CE, RCM, VCCI, BSMI, UL, CB, RoHS2",370,1,1,24,24,0,4,0,0,0,0,24x GE RJ45 ports and 4x GE SFP ports,,,https://www.fortinet.com/content/dam/fortinet/assets/data-sheets/pdf/fortiswitch-secure-access-series.pdf,2026-02-06
Fortinet,FortiSwitch,224E,E,10,56,83,16000,1,4000,8,512 MB DDR3,128 MB,,512,32,44 x 230 x 330,2.17,AC built in,"100-240V AC, 50/60 Hz",17.2,17.3,59.095,0-50°C,-20-70°C,10-90% RH non-condensing,side-to-side,0,"FCC, CE, RCM, VCCI, BSMI, UL, CB, RoHS2",0,1,1,0,24,0,4,0,0,0,0,24x GE RJ45 ports and 4x GE SFP ports,,,https://www.fortinet.com/content/dam/fortinet/assets/data-sheets/pdf/fortiswitch-secure-access-series.pdf,2026-02-06
Fortinet,FortiSwitch,224E-POE,E,10,56,83,16000,1,4000,8,512 MB DDR3,128 MB,,512,32,44 x 230 x 330,2.44,AC built in,"100-240V AC, 50/60 Hz",220.18,223.57,74.29554,0-50°C,-20-70°C,10-90% RH non-condensing,side-to-side,30.6,"FCC, CE, RCM, VCCI, BSMI, UL, CB, RoHS2",180,1,1,12,24,0,4,0,0,0,0,24x GE RJ45 ports and 4x GE SFP ports,,,https://www.fortinet.com/content/dam/fortinet/assets/data-sheets/pdf/fortiswitch-secure-access-series.pdf,2026-02-06
Fortinet,FortiSwitch,248D,D,10,104,155,16000,1,4000,8,512 MB DDR3,128 MB,,512,32,44 x 246 x 440,3.54,AC built in,"100-240V AC, 50/60 Hz",38.66,39.19,134,0-50°C,-20-70°C,10-90% RH non-condensing,side-to-side,32.3,"FCC, CE, RCM, VCCI, BSMI, UL, CB, RoHS2",0,1,1,0,48,0,4,0,0,0,0,48x GE RJ45 ports and 4x GE SFP ports,,,https://www.fortinet.com/content/dam/fortinet/assets/data-sheets/pdf/fortiswitch-secure-access-series.pdf,2026-02-06
Fortinet,FortiSwitch,248E-POE,E,10,104,155,16000,1,4000,8,512 MB DDR3,128 MB,,512,32,44 x 410 x 440,5.5,AC built in,"100-240V AC, 50/60 Hz",457.46,466.47,177.14268,0-50°C,-20-70°C,10-90% RH non-condensing,side-to-side,34.2,"FCC, CE, RCM, VCCI, BSMI, UL, CB, RoHS2",370,1,1,24,48,0,4,0,0,0,0,48x GE RJ45 ports and 4x GE SFP ports,,,https://www.fortinet.com/content/dam/fortinet/assets/data-sheets/pdf/fortiswitch-secure-access-series.pdf,2026-02-06
Fortinet,FortiSwitch,248E-FPOE,E,10,104,155,16000,1,4000,8,512 MB DDR3,128 MB,,512,32,44 x 410 x 440,6.1,AC built in,"100-240V AC, 50/60 Hz",842,855.02,162.87865,0-50°C,-20-70°C,10-90% RH non-condensing,side-to-side,44.7,"FCC, CE, RCM, VCCI, BSMI, UL, CB, RoHS2",740,1,1,48,48,0,4,0,0,0,0,48x GE RJ45 ports and 4x GE SFP ports,,,https://www.fortinet.com/content/dam/fortinet/assets/data-sheets/pdf/fortiswitch-secure-access-series.pdf,2026-02-06
Fortinet,FortiSwitch,324G,G,10,200,297,32000,1,4000,8,2GB DDR4,16MB SPI NOR,,,,44 x 260 x 440,,AC built in,"100-240V AC, 50-60 Hz",,60,,0-45°C,-40-70°C,10-90% RH non-condensing,side-to-back,,"FCC, ICES, CE, UKCA, RCM, VCCI, BSMI, UL, CB, RoHS2",0,1,1,0,0,24,0,4,0,0,0,24x 2.5G/1G/100M/10M and 4x 10G/1G SFP+/SFP,,,https://www.fortinet.com/content/dam/fortinet/assets/data-sheets/pdf/fortiswitch-campus-series.pdf,2026-07-13
Fortinet,FortiSwitch,324G-FPOE,G,10,200,297,32000,1,4000,8,2GB DDR4,16MB SPI NOR,,,,44 x 410 x 440,,AC built in,"100-240V AC, 50-60 Hz",,480,,0-45°C,-40-70°C,10-90% RH non-condensing,side-to-back,,"FCC, ICES, CE, UKCA, RCM, VCCI, BSMI, UL, CB, RoHS2",420,1,1,24,0,24,0,4,0,0,0,24x 2.5G/1G/100M/10M and 4x 10G/1G SFP+/SFP,,,https://www.fortinet.com/content/dam/fortinet/assets/data-sheets/pdf/fortiswitch-campus-series.pdf,2026-07-13
Fortinet,FortiSwitch,348G,G,10,248,369,32000,1,4000,6,2GB DDR4,16MB SPI NOR,8,,32,44 x 310 x 440,4.5,AC built in,"100-240V AC, 50-60 Hz",,69.6,237.38,0-45°C,-40-70°C,5-95% RH non-condensing,side-to-back,57.01,"FCC, ICES, CE, UKCA, RCM, VCCI, BSMI, UL, CB, RoHS2",0,1,1,0,24,24,0,4,0,0,0,"24x 2.5G/1G/100M/10M, 24x 1G/100M/10M and 4x 10G/1G SFP+/SFP",,,https://www.fortinet.com/content/dam/fortinet/assets/data-sheets/pdf/fortiswitch-campus-series.pdf,2026-07-13
Fortinet,FortiSwitch,348G-FPOE,G,10,248,369,32000,1,4000,6,2GB DDR4,16MB SPI NOR,8,,32,44 x 410 x 440,6.8,AC built in,"100-240V AC, 50-60 Hz",,1846.7,308.95,0-45°C,-40-70°C,5-95% RH non-condensing,side-to-back,63.52,"FCC, ICES, CE, UKCA, RCM, VCCI, BSMI, UL, CB, RoHS2",1540,1,1,48,24,24,0,4,0,0,0,"24x 2.5G/1G/100M/10M, 24x 1G/100M/10M and 4x 10G/1G SFP+/SFP",,,https://www.fortinet.com/content/dam/fortinet/assets/data-sheets/pdf/fortiswitch-campus-series.pdf,2026-07-13
Fortinet,FortiSwitch,424E,E,10,128,190,16000,1,4000,8,1 GB DDR4,256 MB,,1000,32,44 x 260 x 440,3.1,AC built in,"100-240V AC, 50/60 Hz",22.3,23.6,76.04,0-50°C,-40-70°C,5-95% non-condensing,side-to-back,32.3,"FCC, CE, RCM, VCCI, BSMI, UL, CB, RoHS2",0,1,1,0,24,0,0,4,0,0,0,24x GE RJ45 and 4x 10GE SFP+ ports,,,https://www.fortinet.com/content/dam/fortinet/assets/data-sheets/pdf/fortiswitch-campus-series.pdf,2026-07-13
Fortinet,FortiSwitch,424E-POE,E,10,128,190,16000,1,4000,8,1 GB DDR4,256 MB,,1000,32,44 x 410 x 440,5.25,AC built in,"100-240V AC, 50/60 Hz",281.3,283.5,102.64,0-50°C,-40-70°C,5-95% non-condensing,side-to-back,31.8,"FCC, CE, RCM, VCCI, BSMI, UL, CB, RoHS2",250,1,1,24,24,0,0,4,0,0,0,24x GE RJ45 and 4x 10GE SFP+ ports,,,https://www.fortinet.com/content/dam/fortinet/assets/data-sheets/pdf/fortiswitch-campus-series.pdf,2026-07-13
Fortinet,FortiSwitch,424E-FPOE,E,10,128,190,16000,1,4000,8,1 GB DDR4,256 MB,,1000,32,44 x 410 x 440,5.77,AC built in,"100-240V AC, 50/60 Hz",431.2,433.7,117.2,0-50°C,-40-70°C,5-95% non-condensing,side-to-back,30.9,"FCC, CE, RCM, VCCI, BSMI, UL, CB, RoHS2",421,1,1,24,24,0,0,4,0,0,0,24x GE RJ45 and 4x 10GE SFP+ ports,,,https://www.fortinet.com/content/dam/fortinet/assets/data-sheets/pdf/fortiswitch-campus-series.pdf,2026-07-13
Fortinet,FortiSwitch,424E-FIBER,E,10,128,190,32000,1,4000,8,1 GB DDR4,256 MB,,1500,32,44 x 200 x 440,2.55,AC built in,"100-240V AC, 50/60 Hz",36,38,132.5,0-50°C,-20-70°C,5-95% non-condensing,side-to-side,32.8,"FCC, CE, RCM, VCCI, BSMI, UL, CB, RoHS2",0,1,1,0,0,0,24,4,0,0,0,24x GE SFP and 4x 10GE SFP+ ports,,,https://www.fortinet.com/content/dam/fortinet/assets/data-sheets/pdf/fortiswitch-campus-series.pdf,2026-07-13
Fortinet,FortiSwitch,M426E-FPOE,E,10,172,255,16000,1,4000,8,1 GB DDR4,256 MB,,1000,32,44 x 410 x 440,5.9,AC built in,"100-240V AC, 50/60 Hz",441,442,132.734,0-50°C,-20-70°C,5-95% non-condensing,side-to-back,35,"FCC, CE, RCM, VCCI, BSMI, UL, CB, RoHS2",421,1,1,24,16,10,0,4,0,0,0,"16x GE RJ45, 8x 2.5 GE RJ45, 2x 5 GE RJ45 and 4x 10 GE SFP+ ports",,,https://www.fortinet.com/content/dam/fortinet/assets/data-sheets/pdf/fortiswitch-campus-series.pdf,2026-07-13
Fortinet,FortiSwitch,448E,E,10,176,262,32000,1,4000,8,1GB DDR4,256 MB,,1500,32,44 x 310 x 440,4.16,AC built in,"100-240V AC, 50/60 Hz",46.5,47.81,163.032,0-50°C,-20-70°C,10-90% non-condensing,side-to-back,35.5,"FCC, CE, RCM, VCCI, BSMI, UL, CB, RoHS2",0,1,1,0,48,0,0,4,0,0,0,48x GE RJ45 and 4x 10GE SFP+ ports,,,https://www.fortinet.com/content/dam/fortinet/assets/data-sheets/pdf/fortiswitch-campus-series.pdf,2026-07-13
Fortinet,FortiSwitch,448E-POE,E,10,176,262,32000,1,4000,8,1GB DDR4,256 MB,,1500,32,44 x 410 x 440,6.26,AC built in,"100-240V AC, 50/60 Hz",440.12,442.234,163.066,0-50°C,-20-70°C,10-90% non-condensing,side-to-back,38.3,"FCC, CE, RCM, VCCI, BSMI, UL, CB, RoHS2",421,1,1,48,48,0,0,4,0,0,0,48x GE RJ45 and 4x 10GE SFP+ ports,,,https://www.fortinet.com/content/dam/fortinet/assets/data-sheets/pdf/fortiswitch-campus-series.pdf,2026-07-13
Fortinet,FortiSwitch,448E-FPOE,E,10,176,262,32000,1,4000,8,1GB DDR4,256 MB,,1500,32,44 x 410 x 440,6.37,AC built in,"100-240V AC, 50/60 Hz",921.4,923.6,163.1,0-50°C,-20-70°C,10-90% non-condensing,side-to-back,50.7,"FCC, CE, RCM, VCCI, BSMI, UL, CB, RoHS2",772,1,1,48,48,0,0,4,0,0,0,48x GE RJ45 and 4x 10GE SFP+ ports,,,https://www.fortinet.com/content/dam/fortinet/assets/data-sheets/pdf/fortiswitch-campus-series.pdf,2026-07-13
Fortinet,FortiSwitch,624F,F,10,440,654,64000,1,4000,28,4GB DDR4,32 MB,32,,64,44 x 442 x 440,6.925,"Dual hot swappable AC, 2x 350 W","100-240V AC, 50/60 Hz",,240,423,0-45°C,-40-70°C,5-95% RH non-condensing,front-to-back,54.88,"FCC, CE, RCM, VCCI, BSMI, UL, CB, RoHS2",0,1,1,0,0,24,0,0,4,0,0,24x 1GE/2.5GE/5GE RJ45 ports and 4x 1GE/10GE/25GE SFP/SFP+/SFP28 ports,,,https://www.fortinet.com/content/dam/fortinet/assets/data-sheets/pdf/fortiswitch-campus-series.pdf,2026-07-13
Fortinet,FortiSwitch,624F-FPOE,F,10,440,654,64000,1,4000,28,4GB DDR4,32 MB,32,,64,44 x 442 x 440,7.407,"Dual hot swappable AC, 2x 1200 W","100-240V AC, 50/60 Hz",,1680,969,0-45°C,-40-70°C,5-95% RH non-condensing,front-to-back,54.88,"FCC, CE, RCM, VCCI, BSMI, UL, CB, RoHS2",1440,1,1,24,0,24,0,0,4,0,0,24x 1GE/2.5GE/5GE RJ45 ports and 4x 1GE/10GE/25GE SFP/SFP+/SFP28 ports,,,https://www.fortinet.com/content/dam/fortinet/assets/data-sheets/pdf/fortiswitch-campus-series.pdf,2026-07-13
Fortinet,FortiSwitch,648F,F,10,720,1071,64000,1,4000,56,4GB DDR4,32 MB,32,,64,44 x 442 x 440,7.149,"Dual hot swappable AC, 2x 350 W","100-240V AC, 50/60 Hz",,300,590,0-45°C,-40-70°C,5-95% RH non-condensing,front-to-back,57.97,"FCC, CE, RCM, VCCI, BSMI, UL, CB, RoHS2",0,1,1,0,0,48,0,0,8,0,0,32x 1GE/2.5GE and 16x 1GE/2.5GE/5GE RJ45 ports and 8x 1GE/10GE/25GE SFP/SFP+/SFP28 ports,,,https://www.fortinet.com/content/dam/fortinet/assets/data-sheets/pdf/fortiswitch-campus-series.pdf,2026-07-13
Fortinet,FortiSwitch,648F-FPOE,F,10,720,1071,64000,1,4000,56,4GB DDR4,32 MB,32,,64,44 x 442 x 440,7.834,"Dual hot swappable AC, 2x 1200 W","100-240V AC, 50/60 Hz",,2100,1272,0-45°C,-40-70°C,5-95% RH non-condensing,front-to-back,57.97,"FCC, CE, RCM, VCCI, BSMI, UL, CB, RoHS2",1800,1,1,48,0,48,0,0,8,0,0,32x 1GE/2.5GE and 16x 1GE/2.5GE/5GE RJ45 ports and 8x 1GE/10GE/25GE SFP/SFP+/SFP28 ports,,,https://www.fortinet.com/content/dam/fortinet/assets/data-sheets/pdf/fortiswitch-campus-series.pdf,2026-07-13
Fortinet,FortiSwitch,1024E,E,10,880,1309,64000,1,4000,24,8GB DDR4,32MB NOR,8,3000,64,44 x 410 x 440,6.58,Dual hot swappable AC,"100-240V AC, 50-60 Hz",,176,599.13,0-45°C,-40-70°C,10-90% RH non-condensing,Front to back,56,"FCC, CE, RCM, VCCI, BSMI, UL, CB, RoHS2",0,1,1,0,0,0,0,24,0,0,2,24x 10G/1G SFP+/SFP ports and 2x 100G/40G QSFP28/QSFP+ ports,,,https://www.fortinet.com/content/dam/fortinet/assets/data-sheets/FortiSwitch_Data_Center_Series.pdf,2026-04-01
Fortinet,FortiSwitch,T1024E,E,10,880,1309,64000,1,4000,24,8GB DDR4,32MB NOR,8,3000,64,44 x 410 x 440,6.54,Dual hot swappable AC,"100-240V AC, 50-60 Hz",,128,436.48,0-45°C,-40-70°C,10-90% RH non-condensing,Front to back,57.3,"FCC, CE, RCM, VCCI, BSMI, UL, CB, RoHS2",0,1,1,0,0,24,0,0,0,0,2,24x 10G/5G/2.5G/1G/100M BASE-T ports and 2x 100G/40G QSFP28/QSFP+ ports,,,https://www.fortinet.com/content/dam/fortinet/assets/data-sheets/FortiSwitch_Data_Center_Series.pdf,2026-04-01
Fortinet,FortiSwitch,T1024F-FPOE,F,10,880,1309,64000,1,4000,24,8GB DDR4,32MB NOR,8,3000,64,44 x 410 x 440,7.5,Dual hot swappable AC,"100-240V AC, 50-60 Hz",,1660,5664,0-45°C,-40-70°C,10-95% RH non-condensing,Front to back,64.5,"FCC, CE, RCM, VCCI, BSMI, UL, CB, RoHS2",1440,1,1,24,0,24,0,0,0,0,2,24x 10G/5G/2.5G/1G/100M BASE-T ports and 2x 100G/40G QSFP28/QSFP+ ports,,,https://www.fortinet.com/content/dam/fortinet/assets/data-sheets/FortiSwitch_Data_Center_Series.pdf,2026-04-01
Fortinet,FortiSwitch,1048E,E,10,1760,1518,144000,0.8,4000,48,8GB DDR3,128MB NOR,128,8000,64,43 x 460 x 438,8.6,Dual hot swappable AC,"100-240V AC, 50-60 Hz",,181,620,0-45°C,-20-70°C,10-90% RH non-condensing,Front to back,59,"FCC, CE, RCM, VCCI, BSMI, UL, CB, RoHS2",0,1,1,0,0,0,0,48,0,6,4,"48 x GE/10GE SFP/SFP+ slots, and a choice of 6 x 40GE QSFP+ or 4 x 100GE QSFP28 ports",,,https://www.fortinet.com/content/dam/fortinet/assets/data-sheets/FortiSwitch_Data_Center_Series.pdf,2026-04-01
Fortinet,FortiSwitch,1048G,G,10,2160,2000,64000,1,4000,48,8GB DDR4,32MB NOR,128,3000,64,43 x 460 x 438.5,9.1,Dual hot swappable AC,"100-240V AC, 50-60 Hz",,585.78,2004.3,0-40°C,-25-70°C,10-90% RH non-condensing,Front to back,71,"FCC, CE, RCM, VCCI, BSMI, UL, CB, RoHS2",0,1,1,0,0,0,0,48,0,0,6,48x 10G/1G SFP+/SFP ports and 6x 100G/40G QSFP28/QSFP+ ports,,,https://www.fortinet.com/content/dam/fortinet/assets/data-sheets/FortiSwitch_Data_Center_Series.pdf,2026-04-01
Fortinet,FortiSwitch,2048F,F,10,4000,4000,96000,1,4000,48,8GB DDR4,8GB NAND,32,3000,64,43.5 x 460 x 438.5,9.88,Dual hot swappable AC,"100-240V AC, 50-60 Hz",,175.7,406,0-40°C,-25-70°C,10-90% RH non-condensing,Front to back,69.36,"FCC, CE, RCM, VCCI, BSMI, UL, CB, RoHS2",0,1,1,0,0,0,0,2,48,0,8,"48x 25G/10G/1G SFP28/SFP+/SFP ports, 2x 10G/1G SFP+/SFP ports and 8x 100G/40G QSFP28/QSFP+ ports",,,https://www.fortinet.com/content/dam/fortinet/assets/data-sheets/FortiSwitch_Data_Center_Series.pdf,2026-04-01
Fortinet,FortiSwitch,2048F-B2F,F,10,4000,4000,96000,1,4000,48,8GB DDR4,8GB NAND,32,3000,64,43.5 x 460 x 438.5,9.88,Dual hot swappable AC,"100-240V AC, 50-60 Hz",,175.7,406,0-40°C,-25-70°C,10-90% RH non-condensing,Back to front,69.36,"FCC, CE, RCM, VCCI, BSMI, UL, CB, RoHS2",0,1,1,0,0,0,0,2,48,0,8,"48x 25G/10G/1G SFP28/SFP+/SFP ports, 2x 10G/1G SFP+/SFP ports and 8x 100G/40G QSFP28/QSFP+ ports",,,https://www.fortinet.com/content/dam/fortinet/assets/data-sheets/FortiSwitch_Data_Center_Series.pdf,2026-04-01
Fortinet,FortiSwitch,3032G,G,10,6440,4000,65000,1,4000,,8GB DDR4,32MB NOR,128,2700,64,43 x 460 x 438.5,8.37,Dual hot swappable AC,"100-240V AC, 50-60 Hz",,548.94,1871.88,0-40°C,-25-70°C,10-90% RH non-condensing,Front to back,73.13,"FCC, CE, RCM, VCCI, BSMI, UL, CB, RoHS2",0,1,1,0,0,0,0,2,0,0,32,32x 100GE/40GE QSFP28/QSFP+ ports and 2x 10GE/1GE SFP+/SFP ports,,,https://www.fortinet.com/content/dam/fortinet/assets/data-sheets/FortiSwitch_Data_Center_Series.pdf,2026-04-01
